Workbook
Name Exchange_rate: #REF!
Name Figures: #REF!
Name Grading_Scheme: '[1]Approx. Match VLookup'!$H$4:$J$9
Name NativeTimeline_Date: #N/A
Name Slicer_Region: #N/A

Sheet Cover
B7: Excel Class Restaurant
B9: Sales Dashboard for 2020
B20: I count him braver who overcomes his desires than him who conquers his enemies, for the hardest victory is over self. - Aristotle

Sheet Dashboard
C2: =Cover!B7 -> Excel Class Restaurant | G2: =Cover!B9 -> Sales Dashboard for 2020
B4: KEY HIGHLIGHTS
A7: =GETPIVOTDATA("Sales (USD)",'Sales by Salesperson'!$A$3) -> 2831665.7
A9: Total Revenue (USD)
A13: =GETPIVOTDATA("Sales (USD)",Count!$A$3) -> 909
A15: No. of sales transactions
A19: =Count!H3 -> 5
A21: No. of customers
A25: =Count!N3 -> 5
A27: No. of products

Sheet Raw Data
A1: Sales data
A3: Salesperson | B3: Product Category | C3: Region | D3: Customer | E3: Date | F3: Sales (USD)
A4: Stuart, Jill | B4: Seafood | C4: East | D4: Elton John | E4: 43831 | F4: 719.91
A5: Temple, Cheryl | B5: Beef Meals | C5: East | D5: Kwaku Mason | E5: 43831 | F5: 675.8
A6: Fog, Londong | B6: Seafood | C6: West | D6: Kwaku Mason | E6: 43831 | F6: 879.89
A7: Read, Tira | B7: Beef Meals | C7: North | D7: Kwaku Mason | E7: 43831 | F7: 2534.25
A8: Dede, Amakye | B8: Vegetarian Dishes | C8: North | D8: Sharon Sticks | E8: 43831 | F8: 2727.6
A9: Fog, Londong | B9: Fish Meals | C9: West | D9: Elton John | E9: 43832 | F9: 4091.4
A10: Azpilecueta, Moses | B10: Vegetarian Dishes | C10: South | D10: Fisher Mills | E10: 43832 | F10: 1363.8
A11: Stuart, Jill | B11: Vegetarian Dishes | C11: East | D11: Elton John | E11: 43836 | F11: 3068.55
A12: Fog, Londong | B12: Fish Meals | C12: West | D12: Kwaku Mason | E12: 43836 | F12: 681.9
A13: Haveria, Luiz | B13: Seafood | C13: South | D13: Clifford Quist | E13: 43837 | F13: 559.93
A14: Smith, Bob | B14: Fish Meals | C14: East | D14: Clifford Quist | E14: 43837 | F14: 681.9
A15: Fog, Londong | B15: Beef Meals | C15: West | D15: Fisher Mills | E15: 43837 | F15: 2534.25
... A912: Stuart, Jill | B912: Vegetarian Dishes | C912: East | D912: Kwaku Mason | E912: 44195 | F912: 4773.3

Sheet Sales by Salesperson
A3: Row Labels | B3: Sum of Sales (USD)
A4: Milner, James | B4: 158470.58
A5: Temple, Cheryl | B5: 182345.68
A6: Hines, Zach | B6: 202008.51
A7: Barkley, Ross | B7: 204828.36
A8: Tall, Liz | B8: 207709.4
A9: Azpilecueta, Moses | B9: 209208.76
A10: Fog, Londong | B10: 222209.9
A11: Dede, Amakye | B11: 241683.05
A12: Smith, Bob | B12: 244128.55
A13: Haveria, Luiz | B13: 252220.82
A14: Read, Tira | B14: 344415.5
A15: Stuart, Jill | B15: 362436.56
A16: Grand Total | B16: 2831665.7

Sheet Sales by Month
A3: Row Labels | B3: Sum of Sales (USD)
A4: Jan | B4: 263177.19
A5: Feb | B5: 247068.96
A6: Mar | B6: 176984.48
A7: Apr | B7: 222086.93
A8: May | B8: 258158.81
A9: Jun | B9: 252742.59
A10: Jul | B10: 213940.99
A11: Aug | B11: 204312.49
A12: Sep | B12: 234872.34
A13: Oct | B13: 204505.66
A14: Nov | B14: 272237.13
A15: Dec | B15: 281578.1
A16: Grand Total | B16: 2831665.7

Sheet Sales by Region
A3: Row Labels | B3: Sum of Sales (USD)
A4: East | B4: 951068.45
A5: North | B5: 998636.31
A6: South | B6: 457742.5
A7: West | B7: 424218.41
A8: Grand Total | B8: 2831665.7

Sheet Sales by Product
A3: Row Labels | B3: Sum of Sales (USD)
A4: Beef Meals | B4: 272347.4
A5: Fish Meals | B5: 618824.25
A6: Pasta Dishes | B6: 1343116.1
A7: Seafood | B7: 119025.12
A8: Vegetarian Dishes | B8: 478352.85
A9: Grand Total | B9: 2831665.7

Sheet Sales by Customer
A3: Row Labels | B3: Sum of Sales (USD)
A4: Elton John | B4: 917507
A5: Kwaku Mason | B5: 501135.61
A6: Clifford Quist | B6: 478552.64
A7: Fisher Mills | B7: 470054.89
A8: Sharon Sticks | B8: 464415.53
A9: Grand Total | B9: 2831665.7

Sheet Count
A3: Row Labels | B3: Count of Sales (USD) | E3: Row Labels | F3: Count of Customer | H3: =COUNT(H4:H27) -> 5 | K3: Row Labels | L3: Count of Customer | N3: =COUNT(N4:N27) -> 5
A4: Beef Meals | B4: 181 | E4: Clifford Quist | F4: 181 | H4: =IF(E4="","",1) -> 1 | K4: Beef Meals | L4: 181 | N4: =IF(K4="","",1) -> 1
A5: Fish Meals | B5: 205 | E5: Elton John | F5: 193 | H5: =IF(E5="","",1) -> 1 | K5: Fish Meals | L5: 205 | N5: =IF(K5="","",1) -> 1
A6: Pasta Dishes | B6: 182 | E6: Fisher Mills | F6: 175 | H6: =IF(E6="","",1) -> 1 | K6: Pasta Dishes | L6: 182 | N6: =IF(K6="","",1) -> 1
A7: Seafood | B7: 176 | E7: Kwaku Mason | F7: 188 | H7: =IF(E7="","",1) -> 1 | K7: Seafood | L7: 176 | N7: =IF(K7="","",1) -> 1
A8: Vegetarian Dishes | B8: 165 | E8: Sharon Sticks | F8: 172 | H8: =IF(E8="","",1) -> 1 | K8: Vegetarian Dishes | L8: 165 | N8: =IF(K8="","",1) -> 1
A9: Grand Total | B9: 909 | H9: =IF(E9="","",1) | N9: =IF(K9="","",1)
H10: =IF(E10="","",1) | N10: =IF(K10="","",1)
H11: =IF(E11="","",1) | N11: =IF(K11="","",1)
H12: =IF(E12="","",1) | N12: =IF(K12="","",1)
H13: =IF(E13="","",1) | N13: =IF(K13="","",1)
H14: =IF(E14="","",1) | N14: =IF(K14="","",1)
H15: =IF(E15="","",1) | N15: =IF(K15="","",1)
H16: =IF(E16="","",1) | N16: =IF(K16="","",1)
H17: =IF(E17="","",1) | N17: =IF(K17="","",1)
H18: =IF(E18="","",1) | N18: =IF(K18="","",1)
H19: =IF(E19="","",1) | N19: =IF(K19="","",1)
N20: =IF(K20="","",1)
N21: =IF(K21="","",1)

Sheet Sheet9
